id,title,org,gov_est_price,bid_won_price,percentage
2024_PWD_87239_1,Periodic Maintenance/ Upgradation of road from Sidhpur to Uparli Barol road under AMP 2024-25 PMGSY Road in Distt. Kangra HP,PWD,2283600.0,1623086.0,-28.924
2024_PWD_86324_3,C/O 30.48 Mtr. Span Bailey bridge on Taitty Khad at Lippa in District Kinnaur HP (SH- C/O Protection wall both side,PWD,4451521.0,4043230.0,-9.172
2024_PWD_85251_1,Construction of balance work of 230.00 Mtrs Span double lane motorable bridge over River Beas at Beripatan on Dharampur Sandhole road via Seoh,PWD,223232250.0,254002800.0,13.784
2024_PWD_85178_1,"C/o of Bridge over Giri River at Lakhoti C/O 75.243 Mtrs Double lane Bridge on Lakhoti koti Shergaon road(Portion Dublu to Shergaon, over Giri River at RD 7/00 and C/O Approach road, FC, drain etc and M/T RD 6/00 to 7/00) Recalled",PWD,96028940.0,100484683.0,4.64
2024_PWD_84877_1,Periodcial renewal on link raod to village Dangari under AMP for the year 2024-25,PWD,1080642.0,847223.0,-21.6
2024_PWD_83904_1,Special Repair due to rain damages on link road to Village Kharul,PWD,2985674.0,2060115.0,-31.0
2024_PWD_83873_1,Construction of 25.00 mtrs span foot Bridge over Daroon khad on Yol 53 Mile road to Co-Operative Society Thana Khas road at RD 0/150 in Distt Kangra (Himachal Pradesh)(SH-Construction of Sub-Stricture Super structure).,PWD,3705172.0,3871905.0,4.5
2024_PWD_83454_1,Construction of balance work of 30.00 mtrs span RCC Box garder bridge over Kindri Khad on Rissa Tiyur Brang road,PWD,11633298.0,9771970.0,-16.0
2024_HPSEB_86467_1,"Demolition of concrete floor and wall tile, Providing and fixing tile work ,urinal pot,wc, and other sanitary fitting etc.in groundfloor Ladies and Gents toilet Near Accounts and Drawing branch of Chief Engineer (Gen) at Sunder Nagar.","HPSEBL||CE(Gen) Sundernagar||SE(Gen) Sarabai (Bhunter)||Sr. Xen TDC, Pandoh",343080.0,335638.0,-2.169
2024_HPIPH_87592_1,Providing Flood Protection Work / Anti Erosion measures in Haryan Nallah in Tehsil Dharampur Distt Mandi HP,"HP Irrigation and Public Health||Hamirpur Circle,Irrigation and Public Health,HP||Dharampur Bharari,Irrigation and Public Health,HP",10255008.0,6413149.0,-37.463
2024_HPIPH_83624_1,Source Augmentation of LWSS Tikker in GP Bhadyal Tehsil Balh Distt Mandi HP,"HP Irrigation and Public Health||S Nagar Circle,Irrigation and Public Health,HP||Baggi,Irrigation and Public Health,HP",991800.0,970200.0,-2.178
2023_PWD_83126_1,Restoration of rain damage bridge on Dranamnallah to Rajain road,PWD,1116634.0,999164.0,-10.52
2023_PWD_82897_1,Delaunching and Launching of STD 120 feet span DDR Bailey bridge at Shilagarh Tehsil Bhuntar Distt Kullu H P SH Launching of STD 120 feet span DDR Bailey bridge,PWD,2983880.0,3131582.0,4.95
2023_PWD_82789_1,NA,PWD,7000010.0,7218960.0,3.128
2023_PWD_81416_1,Construction of 18.30mtr. span RCC T-Beam Bridge over Bhalara Khad on Kuni Katkal Bhalara rain road at Km. 2/375 in G.P. Pihar Bhedlu,PWD,4387467.0,3174332.0,-27.65
2023_PWD_81412_1,Repair of Bridge Pier of 154.00 Mtrs Span PSC Box Girder Double Lane Bridge over Neugal Khad on Lugri Bhatti Kandi road at Km 1/315 (SH - Repair of Bridge Pier),PWD,1186596.0,1177061.0,-0.804
2023_PWD_80895_1,55.10 mtrs span Aerial ropeway bridge at Seobag over river Beas SH Civil work including steel tower for protection of bridge,PWD,866547.0,909442.0,4.95
2023_PWD_80536_1,150 feet span TSR bailey bridge Sainj Dist Kullu HP SH Launching of 150 feet span TSR bailey bridge,PWD,1777950.0,1865959.0,4.95
2023_PWD_80081_1,Construction of Govt. High School Building at Matehal,PWD,3371097.0,2894425.0,-14.14
2023_PWD_80036_1,55.10 mtrs span Aerial ropeway bridge at Seobag over river Beas SH repairing and fixing of old components and fixing new steel components M S Pipe railing,PWD,1685510.0,1768942.0,4.95
2023_PWD_80032_1,Dismantling of 70 mtr span motorable bridge at Aut Dist Mandi SH Dismantling of steel members,PWD,1890000.0,1330560.0,-29.6
2023_PWD_80028_1,130feet span DSR bailey bridge on Ghayagi Sarchi road SH Launching of 130ft span DSR bailey bridge,PWD,1557900.0,1635483.0,4.98
2023_PWD_79555_1,Construction of 90 feet span DSR bailey bridge on Kapahi Rewalser Road Distt Mandi HP SH,PWD,967925.0,801442.0,-17.2
2023_PWD_79549_1,Dismantling of 42 mtr span foot bride at Trehda Distt Kullu SH Dismantling of steel members,PWD,655668.0,556728.0,-15.09
2023_PWD_79264_1,Launching of STD 100 feet span DSR Bailey bridge at Neoli II Distt Kullu HP SH Launching of DSR Bailey bridge,PWD,1260000.0,1322874.0,4.99
2023_PWD_79168_1,Construction of Pre Engineered Prefabricated OPD building in intergarted rehablitation center for female addicts at Bhunter Distt. Kullu HP with Light Gauge Steel Framed Technology LGSF S H Construction of Pre fab Building I c all finishing work w,PWD,2355540.0,2472139.0,4.95
2023_PWD_79052_1,Launching of STD 100 feet span TS 24R STD Bailey bridge at Banjar Tehsil Banjar Dist Kullu HP SH Launching of 100feet span TS 24R STD Bailey bridge,PWD,1082365.0,1135401.0,4.9
2023_PWD_78924_1,Launching of STD 100 feet span DSR Bailey bridge at Neoli I Distt Kullu HP SH Launching of DSR Bailey bridge,PWD,1260000.0,1322874.0,4.99
2023_PWD_77899_1,130 feet span DSR Bailey Bridge on Ratocha Dhara road at Ratocha II SH Launching of 130 feet span DSR Bailey Bridge,PWD,1557900.0,1635016.0,4.95
2023_PWD_77803_1,Supplying and stacking of various spare parts of Bailey bridge SH Supplying and stacking of various spare parts for bailey bridge,PWD,619000.0,649888.0,4.99
2023_PWD_77474_1,"Repair renovation to Various minister Houses under Division no III , Shimla 02. (SH - P/F Curtain and P/L Carpet flooring in Benmore House No 6 under Benmore Sub division.)",PWD,770034.0,808151.0,4.95
2023_PWD_77449_1,Extension of 130 feet span DDR Bailey Bridge at Bhunter Tehsil Bhunter Dist Kullu HP SH Extension of Bridge from 130 feet to 190 feet and fixing 30.00 feet SS Bailey bridge ramp,PWD,1783127.0,1871392.0,4.95
2023_PWD_76947_1,20 mtr span steel turss bridge at Bharai Tehsil and District Kullu HP SH Dismantling of steel truss bridge at Bharai,PWD,1006050.0,1054340.0,4.8
2023_PWD_75282_1,Construction of stage at Govt Sen. Sec. School at bara Tehsil Thunag,PWD,1567550.0,1207014.0,-23.0
2023_PWD_74683_1,Up gradation and strengthening of STD 120 feet span TSR to 120 feet span DDR bailey bridge at Manali Distt Kullu HP SH De launching of 120 ft TSR Bailey bridge and launching of 120 feet DDR Bailey bridge,PWD,1538744.0,1615527.0,4.99
2023_PWD_73461_1,Construction of Amni Dhar Behi Pathiar road km. 0/0 to 10/0,PWD,1089192.0,897427.0,-17.606
2023_PWD_73061_2,"Annual Repair and maintenance of Armsdale building and Ellerslie main building at Hp Sectt. Shimla (SH- covering of work shop, covering of pipe and other minor repair work etc.",PWD,616109.0,616109.0,0.0
2023_PWD_73055_7,"Repair Renovation to various residential buildings under Division No. III Shimla. (SH- Repair of floor, and walls, repair of cupboard, repair of roof, in block no. 20 set no.19 block no.19 set No.11 , block 24 set no.1-2 at U.S. Club Shimla).",PWD,934027.0,934025.0,-0.0
2023_PWD_73055_6,"Special repair to Ellerslie main and Armsdale building at HP Secretariat Shimla-2 (SH- Painting, polishing, flooring and sanitary fitting in room No. G-14, G-16,G-21,G-23,G-24, E-318, E-323, E-328 and E-329 etc.).",PWD,546783.0,546782.0,-0.0
2023_PWD_73055_4,"Special repair to Directorate of Higher Education at Glen Hogan Shimla-3 (SH - Repair of ceiling in Conference hall, gutter, painting and distempering etc.).",PWD,1184579.0,1143119.0,-3.5
2023_PWD_72991_8,Special repair to Ellerslie main and Armsdale building at H.P Secretariat Shimla-2 (SH Renovation of office of Honble Dy. Chicf Minister of Himlachal Pradesh at Ellerslie main building),PWD,991000.0,991000.0,0.0
2023_PWD_72991_7,"Special repair to Armsdale building at HP Secretariat Chotta Shimla-2. (SH Painting, polishing and minor repair work in 3th to 5th floor of Yojna Bhawan building at HP Secretariat)",PWD,850605.0,850605.0,0.0
2023_PWD_72991_5,Repair and renovation of various residential buildings under division No. III Shimla. (SH - Repair of Club Lodge. block 20 set No. 8 and block 12 etc. at U.S. Club Shimla).,PWD,955645.0,955644.0,-0.0
2023_PWD_72991_3,"Renovation of office of CPS Edu. (Room No.318) in Ellerslie Building at HP Secretariat Shimla-2. (SH - Penelling, ceiling and polishing etc.).Renovation of office of CPS Edu. (Room No.318) in Ellerslie Building at HP Secretariat Shimla-2. (SH - Penel",PWD,623521.0,623521.0,0.0
2023_PWD_72991_12,"Construction of three Nos of lecture hall at IGMC Shimla (Two Nos in Medical College and one No in floor of block-E) (SH- Acoustic work, platform, painting and distempering etc.).",PWD,9990199.0,8791375.0,-12.0
2023_PWD_72991_11,Special repair to Sarvodya Leper Colony Downdale Phagli Shimla. (SH Providng and Laying inter locking paver blocks etc.).,PWD,729498.0,729498.0,0.0
2023_PWD_72991_10,Special repair to Office Building of SSA at Directorate of Education Shimla (SH- Renovation of General toilet.),PWD,2304703.0,1984349.0,-13.9
2023_PWD_72467_1,Construction of Chelian Dholta Gadiara Dharot road.,PWD,829821.0,656918.0,-20.836
2023_PWD_72240_1,"extra strengthening of 130 feet span DSR Bailey Bridge by dismantling of various bridge components and fixing of BB panel, top chord, chord bolt bracing frame base plate bearing end post female panel pin split pin and long chord bolt to make",PWD,1197022.0,1256754.0,4.99
2023_PWD_71952_1,Construction of Veterinary Dispensary at Balh Chalharg in Tehsil Joginder Nagar District Mandi (H.P.),PWD,1460372.0,1219406.0,-16.5
2023_PWD_71280_1,"Special repair to Himachal Hospital of Mental Health and Rehabitation Boileauganj Shimla-5 (SH - brick work, tile work, roofing work, water supply and sanitary installation etc in laundry).",PWD,166884.0,166884.0,0.0
2023_PWD_71263_1,Special repair of Dr. RKGMC Hamirpur (HP). Special repair of Dr. RKGMC Hamirpur HP,PWD,1786195.0,1482541.0,-17.0
2023_PWD_71257_1,Special repair Ex-Serviceman Building at Hamirpur,PWD,138792.0,115197.0,-17.0
2023_PWD_70328_1,C/o link road from Arla Gugga Mandir to Hatli Shamshanghat Km 0/00 to 1/00,PWD,1443783.0,1010647.0,-30.0
2023_PWD_70009_1,C/O 30.00MTRS. SPAN (NOW 50.00 MTRS. SPAN) PSC BOX GIRDER BRIDGE OVER KAPADA KHAD ON LINK ROAD TO UP-MOHAL KARDOH AT KM. 1/800.,PWD,29304862.0,23294433.0,-20.51
2023_PWD_69787_1,Balance work of Construction of motorable bridge over Moul Khad between Bairghatta and Kandera Liora road Km 0/0 to 1/500,PWD,44910452.0,34042589.0,-24.199
2023_PWD_69560_1,"Construction of link road from Sera to Chhanwar including bridge over Daroon khad in G.P Sera Thana in Distt. Kangra (Himachal Pradesh). (SH Construction of Sub-Structure, Super Structure for 25.00 mtr. span foot bridge alongwith both side approaches",PWD,4946840.0,3820443.0,-22.77
2023_PWD_69334_1,C/o Foot Brdige to village Dar Gujrerha of Lindi Khad and Sai Da Ghat,PWD,5676845.0,5000164.0,-11.92
2023_PWD_69231_1,Special repair of 80 ft span Bailey Bridge of NAHI at Matour Distt Kanga HP SH Dismantling Fabrication and fixing of 80 ft Bailey bridge components,PWD,1905639.0,2000730.0,4.99
2023_PWD_69227_1,Construction of 42 mtr span steel truss foot bridge at Katagla over river Parvati SH Launching of bridge complete,PWD,832600.0,874147.0,4.99
2023_PWD_68088_1,Construction of 33.40 mtr Span PSC Box Girder Bridge over Dharoon Khad including approaches to connect village Kaled with Karali Da Bag Km 0/000 to 0/695) UnderNABARD RIDF-XXVIII,PWD,36519623.0,30142366.0,-17.463
2023_PWD_67908_1,Construction of 25 mtr span steel truss foot bridge at Nihar Gouda near Plachan SH Construction of sub structure and super structure,PWD,2969980.0,2999680.0,1.0
2023_PWD_67647_1,Job 1 Construction of 34.55metre RCC Box Cell Bridge including approaches over Chandpur Khad at Km. 29-650 on Panjawar Bathri road Sub Head C.O Sub structure and super structure including both side approaches UNDER NABARD RIDF-XXVIII,PWD,16497564.0,17035795.0,3.262
2023_PWD_67333_1,Construction of Baily Bridge over Sal Nallah at Baloo on Baloo to Pucca Tala road Construction 30 metre span RCC Box Girder Bridge at Rd.0/057 including both side approaches,PWD,58945901.0,53517255.0,-9.21
2023_PWD_67311_5,NA,PWD,660000.0,435000.0,-34.091
2023_PWD_67275_1,Construction of 27.50 mtr. span steel truss foot bridge over Rana Khad at Machhyal near Shani Dev Mandir,PWD,4820882.0,4413068.0,-8.459
2023_CPD1_75382_8,Tanks/DMP-08/ Chamia,Chief Project Director IDP Solan||DPO Solan,1305000.0,1299677.0,-0.408
2023_CPD1_75347_4,OLDTanks/KGT-04/,Chief Project Director IDP Solan||DPO Solan,1415000.0,1413811.0,-0.084
2023_CPD1_75341_7,Tanks/KGT-07/Kandaghat/ Bajhani,Chief Project Director IDP Solan||DPO Solan,3480000.0,3475313.0,-0.135
2023_CPD1_75278_2,OLDTanks/RMS-02/,Chief Project Director IDP Solan||DPO Solan,1404000.0,1403436.0,-0.04
2022_UDDHP_61585_1,construction of park near Amol Kalia Petrol pump moh. khadpar ward no. 4 MC Una,Directorate of Urban Development||Urban Development - UDDHP||Municipal Council Una - UDDHP,6762508.0,4733755.0,-30.0
2022_PWD_66776_1,Construction of Samirpur Matlana Bhuana road Bridge,PWD,4763204.0,5000889.0,4.99
2022_PWD_66765_1,NA,PWD,5057295.0,5057295.0,0.0
2022_PWD_66647_1,Construction of link road to village Naura Including bridge over Baner to Join Thanpuri Km 0/000 to 1/870 in Distt Kangra (HP) (SH-Balance work of Jassour side abutment).,PWD,2999998.0,2999998.0,0.0
2022_PWD_66223_1,Construction of Sericulture Community centre/Chawki rearing centre at Chauntra Tehsil Joginder Nagar District Mandi (H.P.),PWD,2472957.0,2245968.0,-9.179
2022_PWD_66012_1,Construction of 38 mtr span steel truss bridge 2.40 mtrs carriage way at Kuragi over Bakhli khad SH Steel work in super structure and launching of bridge complete,PWD,2247554.0,2349817.0,4.55
2022_PWD_66002_1,Construction of 320 feet span BS Bridge at Yangley Lahaul and Spiti SH Supplying and stacking of suspension bridge components etc including carriage of material complete,PWD,672894.0,706471.0,4.99
2022_PWD_65754_1,Constructiion of 62.00 meter span composite steel Girder Bridge at Bajrolipul over Balson Khad on Sainj Deha Chopal road at RD 5.540 under CRIF JOB HP.2021.22.180,PWD,80400000.0,76700000.0,-4.602
2022_PWD_65745_1,NA,PWD,712530.0,748085.0,4.99
2022_PWD_65731_2,Repair of 22.88 mtr span tabular English type bridge at Gushaini SH Fabrication dismantling and fixing of deck units etc,PWD,1533386.0,1609901.0,4.99
2022_PWD_65729_1,NA,PWD,843165.0,885239.0,4.99
2022_PWD_65345_1,NA,PWD,832600.0,874147.0,4.99
2022_PWD_65033_1,NA,PWD,1396460.0,1466144.0,4.99
2022_PWD_65027_1,NA,PWD,1408728.0,1479024.0,4.99
2022_PWD_65014_1,NA,PWD,1352002.0,1419466.0,4.99
2022_PWD_64511_1,NA,PWD,2920756.0,2993774.0,2.5
2022_PWD_64499_1,NA,PWD,2861477.0,2990243.0,4.5
2022_PWD_64320_1,NA,PWD,1507202.0,1582261.0,4.98
2022_PWD_64290_1,Construction of 19.75 metre span RCC T-Beam Bridge over Rain Khad on Sullah Majhakra Harbaral road at RD 0/360,PWD,1807713.0,2999943.0,65.952
2022_PWD_64170_1,Construction of Bridge over Mama Bhanja Nallah at GP Band Vihar Palampur (Under SCSP) (SW- Construction of 6.00 Mtrs. Span RCC Slab Culvert at RD 3/690),PWD,1592196.0,1163034.0,-26.954
2022_PWD_64075_1,CONSTRUCTION OF ADDITIONA ACCOMODATION OF GOVT SR SECO SCHOOL AT LAG BALIAYANA TEHSIL PRAGPUR DISTT KANGRA H.P SUB HEAD C.O TWO NO.S CLASS ROOM IN GROUND FLOOR,PWD,2821902.0,2654368.0,-5.937
2022_PWD_64062_1,C/O 42.65 mtr.span (4span of 10.37mtr.each)RCC slab bridge over Chhounchh Khad at RD0/515 on Sukhar to Salahan road in Tehsil Nurpur Distt. Kangra,PWD,13611031.0,9528081.0,-29.997
2022_PWD_63827_1,C/o Bailey bridge over Rosso khad on Karnohal to Rangod road,PWD,2856610.0,2579275.0,-9.709
2022_PWD_63805_1,Construction of Bairghatta to Duhak road Km 0/0 to 2/0 including 153.348 mtr. span (D/L) bridge over Neugal Khad at RD 0/930.,PWD,168009763.0,137700000.0,-18.04
2022_PWD_63773_1,NA,PWD,1163885.0,1221963.0,4.99
2022_PWD_63770_1,NA,PWD,1461120.0,0.0,-100.0
2022_PWD_63524_1,"C/o Bridge over Kandaiwala Khud to connecting Village Kandaiwala, GP Burma Papdi, Tehsil Nahan, Sirmaur (HP)",PWD,3018568.0,2112998.0,-30.0
2022_PWD_63520_1,C/o 40.00 mtr span double lane bridge with footpath over Bakhli Khad on Lambathach Shillibagi Kalhani Kashoud Padli balhli Pandoh road km. 0/0 to 68/0,PWD,79604835.0,63524658.0,-20.2
2022_PWD_63242_1,Construction of Shaheed Surinder Singh,PWD,41869240.0,39580701.0,-5.466
2022_PWD_63234_1,NA,PWD,4335088.0,4082186.0,-5.834
2022_PWD_63226_1,Construction of link road Barana Mariyari Chowki Nehar Palachaklu road Km 0/000 to 8/300 in Distt Kangra (HP) (SH-Balance work of 12.00 mtrs span Bridge over Nehar Khad).,PWD,2250084.0,2100004.0,-6.67
2022_PWD_63203_1,C/o link road from Arla Gugga Mandir to Hatli Shamshanghat Km 0/0 to 2/0 including 30.00 metre span Bridge,PWD,1351770.0,1656993.0,22.58
2022_PWD_63167_1,Construction of 30.00 mtrs span effictiveRCC Box Girder Bridge at Bakhli Khad on Janjehli Gadagusain road,PWD,2520935.0,2596563.0,3.0
2022_PWD_63113_1,"Restoration of rain damages on link road from Village Sitalpur to nanowal km 0/0 to 18/400 (SH C/O HPC Culverts at Rd 8/800, 8/980, 9/600, 9/700, 10/150, 10/300,10/500 and 10/650)",PWD,1736064.0,1690085.0,-2.648
2022_PWD_63041_1,Construction of R.C.C. Solid Slab bridge,PWD,5389303.0,3772574.0,-29.999
2022_PWD_62635_1,Construction of 30.00 mtrs span PSC Girder Bridge over Ropri Khad at RD. 68/210 on Mandi Gagal Chail Janjehli road at Thunag Distt. mandi,PWD,42651355.0,36910483.0,-13.46
2022_PWD_62280_1,NA,PWD,1225069.0,1285097.0,4.9
2022_PWD_61994_1,C/O link road to Tara Devi Mandir,PWD,201195.0,159865.0,-20.542
2022_PWD_61723_1,NA,PWD,8000311.0,8360324.0,4.5
2022_PWD_61344_1,"Construction of Multi-story parking and office accommodation Armsdale building Phase-III at H.P Sectt. Shimla SH Disposal of excavated materials malba from scoter parking, front, road side and all floors etc. of Armsdale Phase III.",PWD,2512106.0,2410371.0,-4.05
2022_PWD_61343_1,"Construction of Multi-story parking and office accommodation (Armsdale building Phase-III) at H.P Sectt. Shimla (SH- Providing and fixing sensor taps, hand rail, kota stone in stairs and scaffolding for plastering, lift and connecting bridge etc.).",PWD,2320187.0,2405367.0,3.671
2022_PWD_61297_2,C/O 25.00 mtr.single span RCC Box girder bridge over Greli Khad at RD 6/737 on Jounta to Jhikli Bharmoli via Khel road kms 0/0 to 10/0,PWD,8552943.0,6835087.0,-20.085
2022_PWD_61297_1,C/O 30.00 mtr. single span RCC Box girder bridge over Bardi Khad at RD 0/453 on link road to Harijan Basti Bardi,PWD,8729533.0,7606681.0,-12.863
2022_PWD_61285_1,CONSTRUCTION OF 2 NO.S BRIDGE ON BANI TO PRAGPUR VIA DANGRA SIDH ROAD I.E LAGBALIYANA AND SEHRI KHAD IN DISTT KANGRA H.P SH CONNSTRUCTION OF 2 NO.S BRIDGE ON BALIYANA AND SEHRI KHAD INCLUDING BOTH SIDE APPROACHES UNDER NABARD RIDF XXVII,PWD,45526006.0,47047393.0,3.342
2022_PWD_61167_1,Const.of 19.75 mtr. single span RCC T-Beam bridge over Samunder Nallah at RD 1/740 on Minjgran Behi Pathiar to Dhamin Kherian road in Tehsil Nurpur Distt. Kangra HP,PWD,8813201.0,6287786.0,-28.655
2022_PWD_60365_1,Construction of T Beam Btridge 19.75mtr span on Basadhar Giankot road at km 0.015 over Baroth Khad,PWD,12641973.0,10658501.0,-15.69
2022_PWD_60267_1,NA,PWD,2932833.0,2999738.0,2.281
2022_PWD_59846_1,Construction of 19.75 mtrs span RCC T beam bridge over Gadagusain Thanwarigad thatta road in Km. 0/375,PWD,18507364.0,19366104.0,4.64
2022_PWD_59748_1,C/o road from Kandha Nallha to Bijahi road Km. 0/0 to 0/500,PWD,1673530.0,1756370.0,4.95
2022_PWD_59699_1,NA,PWD,2681448.0,2518936.0,-6.061
2022_PWD_59642_1,Construction of Khauli to Reshan road in Km. 0/0 to 6/0,PWD,1817942.0,1781583.0,-2.0
2022_PWD_59578_1,C/o 10.00 mtr. span Bridge over Wah Nallah in Gadiara Suri road at RD 0/750,PWD,1172439.0,1812011.0,54.551
2022_PWD_59577_1,construction of 19.75 mtrs span single lane RCC T-beambridge on Kholugad Rurtan road Km. 0/0 to 2/800,PWD,4894465.0,5104927.0,4.3
2022_PWD_58687_1,NA,PWD,937343.0,963700.0,2.812
2022_PWD_57813_1,PEROODIC RENEWAL ON SDWAN KALESHWAR ROAD SH P.L 30MM THICK BITUMINOUS CONCRETE IN KM 4.0 TO 5.0 VR 0063113a405 RURAL ROAD,PWD,995201.0,2375640.0,138.71
2022_PWD_57637_1,Construction of link road from Bhaloh to Bhalola on Takka Dathwara road Abadi Jhingra i/c 4Nos. Bridges,PWD,17173930.0,14415953.0,-16.059
2022_PWD_57460_20,NA,PWD,3718240.0,3743999.0,0.693
2022_PWD_57250_1,Construction of link road Gadiara Lahru via Village Baluhi Km 0/0 to 4/170.,PWD,909186.0,1179707.0,29.754
2022_PWD_56641_1,Construction of link road Morla to Ghadoral road Km 0/0 to 1/500,PWD,841991.0,1371426.0,62.879
2022_PWD_56625_1,Construction of Bridge on Silh to Dodru road over Dodru Nallah(Chho),PWD,7294955.0,9291529.0,27.369
2022_PWD_55776_2,Construction of Bridge over Chor Nallah on link road Nagrota Bagwan to Dhauladhar Colony Industrial Area road in Distt Kangra (HP). (SH-Balance work of extension of 10.37 mtr. Span RCC Bridge over Chor Nallah at RD 0/250 (Deposit work).,PWD,3502950.0,2877707.0,-17.849
2022_MC_63595_3,Construction of Road from royal regency Hotel to Indernagar top R D 0 0 to 0 300) in ward No 20 (SH Construction of Retaining wall M S Channel railing and stone soiling etc) in ward No 20 Director U D,Municipal Corporation Shimla,3815127.0,2782005.0,-27.08
2022_HPIPH_65714_1,"Annual operation of various LWSS under JSV Sub Division, Fatehpur","HP Irrigation and Public Health||Nurpur Circle,Irrigation and Public Health,HP||Fatehpur-Irrigation and Public Health-HP",777600.0,518400.0,-33.333
2022_HPIPH_60557_1,Tapping additional source to WSS Harsar from Uhalani Nallah Distt. Chamba H P (SH Construction of Sedimentation tank 50000 lit cap and filter bed 100 sqm and RCC storage tank 200000 lit cap),"HP Irrigation and Public Health||Chamba Circle,Irrigation and Public Health,HP",5983920.0,5394704.0,-9.847
2022_HPIPH_56864_1,Imp and Ext 12 No. T/Well in Fatehpur area in Tehsil Fatehpur District Kangra HP,"HP Irrigation and Public Health||Nurpur Circle,Irrigation and Public Health,HP||Fatehpur-Irrigation and Public Health-HP",4027675.0,2728041.0,-32.268
2022_HPIPH_56863_1,Imp and Ext 12 No. T/Well in Fatehpur area in Tehsil Fatehpur District Kangra HP,"HP Irrigation and Public Health||Nurpur Circle,Irrigation and Public Health,HP||Fatehpur-Irrigation and Public Health-HP",3848125.0,2575996.0,-33.058
2022_CPD1_56732_1,Construction of Proposed Foot bridge at place Bakin,Chief Project Director IDP Solan||DPO Bilaspur,155700.0,130327.0,-16.296
2022_CPD1_56723_1,Construction of Proposed Foot bridge,Chief Project Director IDP Solan||DPO Bilaspur,304000.0,265267.0,-12.741
2022_CPD1_56717_1,PR-176/FB/ 2021-22,Chief Project Director IDP Solan||DPO Bilaspur,276600.0,227528.0,-17.741
2021_PWD_54894_1,Construction of 40.00 Metre Span ( Double Lane) Bridge over Sarotha Nallah on Chamba Sahu Kiri Road at Km. 2/780 in District Chamba ( SH Const. of 12.00 mtr span double lane T-beam curved Bridge including both side approaches) ( Job No. CRF-HP-2021-2,PWD,45401627.0,40199000.0,-11.459
2021_PWD_54251_1,C/O Balance work for 50.00mtr span C/C of bearing PSC Box Girder bridge over Brahal Khad on Morchh Gharghuin road km.1/726 along with approaches,PWD,8182324.0,12955763.0,58.338
2021_PWD_53481_2,Construction of Bridge over Tara Khad on Indpur Tappa to village Dhantol at RD.0/870,PWD,13294688.0,15422500.0,16.005
2021_PWD_53481_1,Construction of 60.837 mtr span RCC Box girder type Bridge over Surajpur Khad at RD.0/285 on Mohtli to Jhikla Surajpur road and Construction of 31.89 meter 3span 10.37 meter each span RCC slab typ bridge over Tara Khad on Jassur Gangth Indora roa,PWD,28494754.0,36697537.0,28.787
2021_PWD_52262_1,Const.of 42.65 span bridge over Jabbar Khad at Letri to connect village Duhg in Tehsil Nurpur Distt. Kangra H.P.,PWD,8439857.0,13277844.0,57.323
2021_PWD_51462_1,Construction of link road from Bhaloh to Bhalola on Takka Dathwara road Abadi Jhingra i/c 4Nos. Bridges,PWD,7400471.0,8464657.0,14.38
2021_PWD_51401_1,Construction of 30.00 mtr span Bridge including both side approaches over Tahal Khad on Kharouth to Ghaneta via Mahant Nagar (Kabrian) road at RD 1/390.,PWD,1934867.0,3165777.0,63.617
2021_PWD_51017_1,C/O 25.00 mtr. span RCC Box Girder bridge over Bassa Kha at RD 1/928 on Bhaloon to Galore via Bassa Samletian road including both side approaches in Tehsil Nurpur Distt. Kangra HP,PWD,4971814.0,5851116.0,17.686
2021_PWD_50870_1,Construction of 2 Nos. (30.00 mtr. span each) RCC Box Girder Bridge including both side approaches on over Soon Khad on Garla Dei Bhawarna via Henja Swargjan link road at RD 0/266 and 1/515 under SCSP,PWD,6483017.0,8859721.0,36.66
2021_PWD_50785_1,Recfication of black spots under road safty on Kufri Chail Kandaghat road Km25/0 to 57/0,PWD,1151870.0,1028451.0,-10.715
2021_PWD_50763_1,"C/O road from (M.C Palampur) to HPSEB Rest House via Badami Lal, Sohan Lal including bridge over Moul Khad Km. 0/00 to 0/270",PWD,1247150.0,1487105.0,19.24
2021_PWD_50568_1,Construction of RCC Box Cell bridge on Jamnighat Jheel Bankabara to Dhaunwala road km. 0/0 to 5/020. (SH-C/O 27.60 mtr. Span RCC Box Cell (4mx4m) bridge at RD. 0/150) (under SCSP).,PWD,10300672.0,9270605.0,-10.0
2021_PWD_50551_1,Special repair of Distt. Sports Office Building at Hamirpur,PWD,539854.0,1475449.0,173.305
2021_PWD_49845_1,Construction of Bridge over Sukkar Khad to connect village Khatwin,PWD,35144222.0,29860000.0,-15.036
2021_PWD_49797_1,C/O 42.65 mtr. span RCC slab bridge over Jabbar Khad at Khajjan to connect village Dabbar in Tehsil Nurpur Distt. Kangra H.P.,PWD,8439857.0,9921383.0,17.554
2021_PWD_48710_3,A/R and M/O Suspension foot bridge at Chaba Tehsil Sunni Distt. Shimla,PWD,954736.0,1602896.0,67.889
2021_PWD_45951_1,Repair to Suspension bridge over Satluj river on Tydong valley road at RD. 0/170 to 0/282) (SH-Replacing of wooden sleepers by 8mm thick M.S. Chequered plates,PWD,3377093.0,4272586.0,26.517
2021_PWD_45016_1,Construction of 50.00 mtrs span PSC Box Girder bridge over Baner Khad on link road from Naura to Thanpuri at RD 1/375 in Distt Kangra (HP) (SH-Construction of bridge work alongwith both side approaches),PWD,18631283.0,23619088.0,26.771
2021_PWD_43983_3,C/O 10.37 mtr.single span RCC slab bridge over Kangar Nallah at RD 0/600 on Suliali Band Hatli road in tehsil Nurpur Distt. Kangra HP.,PWD,5461033.0,6321023.0,15.748
2020_PWD_41532_1,Construction of 77.00 mtr. Span RCC Box Girder Bridge over Chainth Khad on Bassi Badhani Chamboh road at R.D. 5/050Under Nabard RIDF XXV,PWD,22473060.0,20161761.0,-10.285
2020_PWD_41440_1,NA,PWD,8813931.0,8304037.0,-5.785
2020_PWD_40715_1,"C/o 62.00 meter span bow string steel foot bridge on Shoon Khad near Bus Stand Dharampur Distt. Mandi (HP) (SH- Launching and erection of bridge including welding, primer coating, painting and P/F Rocker and Roller bearings in position complete job",PWD,2121891.0,2141872.0,0.942
2020_PWD_40652_1,Construction of Balance of Samirpur Matlana Bhuana road in Km. 2.0 to 7.460,PWD,37890848.0,61545236.0,62.428
2020_PWD_40227_1,Chiran to Thirak via Village Devi Tilla Km. 0/00 to 10/150 i/c Bridge over Bathu Khad at RD 1/665,PWD,76086432.0,67742531.0,-10.966
2020_PWD_39944_1,Construction of Bridge over Chikni Khad NADDI on Link road to village Lodiwala Bissian Chamaran and Katal in G P Bawasni at KM 0 360,PWD,4389786.0,4955127.0,12.879
2020_PWD_39899_1,C.O 40.00 mtr. span double lane PSC box girder bridge at Karada Khad on Rampur Gaura Mashnoo Sarahan Jeori road at RD 35.825. MDR.19 Under CRF Job No. CRF.HP.2017.18.123,PWD,35466797.0,31121423.0,-12.252
2020_PWD_39623_1,C.O 48.76 mtrs. Span Bailey Bridge over Yulla Nallah on Old Hindustan Tibet road at km 15.095 SH. C.O sub structure both side approaches and super structure,PWD,20126923.0,29924018.0,48.677
2020_PWD_39359_1,Construction of 68.00 mtrs span steel truss bridge over Bathu Khad on Sadoon Kandi road at RD 6/150 under SCSP in Distt Kangra (HP) (SH-Construction of Sub-Structure and Super-Structure including approaches etc only).,PWD,23263181.0,33307378.0,43.176
2020_PWD_38204_1,Construction of 30.00 mtr spanTruss Foot Bridge over Takoli Khad in Tehsil Bangana Distt. Una,PWD,1584074.0,2466562.0,55.71
2020_PWD_37743_1,Construction of 112.50 meter span Stiffened Suspension Jeep-able Bridge over Markanda River on Link Road Bikram Bagh to Manderwa at RD 0/460 on Lump Sum Basis,PWD,16988000.0,34600000.0,103.673
2020_PWD_37422_1,C/O 68.00 mtrs.span Box Cell Bridge over Hareta Khad On Link road Lower Hareta Harizan Basti Khas Galore,PWD,16924959.0,14524305.0,-14.184
2020_PWD_37237_1,C/O 151.60 mtr. Span Jeepable bridge over Ropa Nallah on Talling to Rushklang road at Km. 0/562.50 (SH-Construction of Sub Structure and Super Structure thereof,PWD,46907601.0,48425780.0,3.237
2020_PWD_37086_1,C/o link road from Dhamandri Bus Stand to Harizan Basti Dhamandri SH Co 10.400 mtr. Box Cell bridge 3 Nos boxes 3x3 mtr. at RD 0160,PWD,1090220.0,1575029.0,44.469
2020_PWD_37077_1,Co Bridge at Village Kadahe via Pipli from Jogipanga road Km 0000 to 3500 SH Co 19.75 mtr RCC TBeam bridge at RD 0070,PWD,3044270.0,4394556.0,44.355
2020_PWD_37049_1,"Construction of Overhead Foot Bridge at Lalit Chowk, Sundernagar, Distt. Mandi (HP)",PWD,11526619.0,21089079.0,82.96
2020_PWD_36775_1,Construction of 30.00 mtrs. span Bailey Bridge both side approaches over Tahal Khad on Kharouth to Ghaneta via Mahant Nagar (Kabrian) road at RD 1/390.,PWD,3859469.0,6728376.0,74.334
2020_PWD_36698_1,C/o 45.00 mtr span prestressed bridge double lane with foot path over Thirthankhad at Balichowki Distt. Mandi SH C/o Sub structure Super structure and approaches,PWD,45000000.0,34200000.0,-24.0
2020_PWD_36528_1,Construction of 71.00 Mtr span pre stressed box girder cantilever bridge over Binwa Khad on Balh Bajuri (Dhandhol) to Jamthala Lad Bharol Road Km 10-495,PWD,8152552.0,12169037.0,49.267
2020_PWD_36414_1,Construction of 75.00 Mtr. Span Through Type Steel Truss Bridge over Spiti river at Chango,PWD,9402950.0,8649000.0,-8.018
2020_PWD_35458_1,Construction of approaches of Bridge over SeerJabothi Khad on Hamirpur Jahu road,PWD,6420763.0,9035120.0,40.717
2020_PWD_34776_3,"Special repair of Suspension Foot Bridge at Chaba Over Satluj River, Tehsil Suni, District Shimla, HP",PWD,1803058.0,1917468.0,6.345
2020_PWD_34439_1,Construction of 30.00 mtr span RCC Box Girder bridge over Bakhali Khad on Janjehali to Gadagusani via Bhekhali road at RD 0/150 SH Sub structure super structure and both side approaches,PWD,7781938.0,17794765.0,128.668
2020_PWD_34353_1,NA,PWD,21005271.0,20038820.0,-4.601
2020_PWD_34171_1,Construction of bridge over Pung khad on chamiana to Banal via Mangleher road RIDF-xxv,PWD,15067306.0,18259161.0,21.184
2020_PWD_34115_1,"Construction of 55.00 Mtr. Span PSC Box Girder Double Lane Bridge over Sal River on Chamba to Kiri road at RD. 3/870, under CRF Job No. CRF/HP/2018-19-/164",PWD,58349719.0,46666666.0,-20.022
2020_HPIPH_35401_1,"Improvement of water supply scheme for Providing household connection to PC habitation under Gram Pancyayat Drgonoo, Thala Urla and Bhagotla under water supply scheme Kandi Bhagotla in Tehsil Palampur District Kangra(HP)","HP Irrigation and Public Health||Dharamshala Circle,Irrigation and Public Health,HP||Palampur,Irrigation and Public Health,HP",2157571.0,2045103.0,-5.213
2020_FD_42830_1,Construction of RCC Foot Bridge,Himachal Pradesh Forest Department||Mandi - HPFD||Suket Division - HPFD,635700.0,880000.0,38.43
2020_BBNDA_43116_1,"C/o bridge and road from Surajpur main road to House of Tittu Ram village Upper Tippra GP Surajpur,C/o Slab culvert on the road to Gurdwara Sh.Theypur Sahib Haripur Baba Gurdwara, Dabni, G.P. Dhela.",Baddi Barotiwala Nalagarh Development Authority||Director Industries to the Govt. of H.P.Shimla||CEO BBNDA at Baddi Distt.Solan (H.P.)||Executive Engineer (Project Division) BBNDA,3884000.0,4008715.0,3.211
2019_SIDC_30172_1,Construction of Bridge over Banuri Khad in Distt. Kangra (HP),HP SIDC Limited,2616496.0,3245111.0,24.025
2019_PWD_33393_2,Construction of approach road to Helipad f Dhalli Bye pass road km 0/00 to 0/300 (SH Earth work Retaining wall V Shape drain Metalling and Tarring and Crash barrier railing Balance work,PWD,4697783.0,5308477.0,13.0
2019_PWD_33380_1,NA,PWD,423000000.0,475200000.0,12.34
2019_PWD_32434_1,C/O 34.50 mtrs. Span PSC box girder bridge over Dheli Nallah on Dhar Dheli Jasai road at rd. 2/650,PWD,6958454.0,10602983.0,52.376
2019_PWD_32343_1,NA,PWD,7218336.0,8631349.0,19.575
2019_PWD_31856_1,Construction of 62.00 Mtr. Span Foot Bridge on Dalu to Chattar via college road in Km 0/0 to 2/0,PWD,5082957.0,9211470.0,81.223
2019_PWD_30894_1,Construction of 30.00 mtr. Span RCC Box Girder Bridge over Gagla Nallah on Chaned Chamdoli road Km. 3/590 Construction of bridge alongwith approaches,PWD,5541655.0,11490611.0,107.35
2019_PWD_30816_1,C/o missing Cuvlert on Patta Goela road in km 0/0 to 11/0,PWD,839699.0,963999.0,14.803
2019_PWD_30496_1,Construction of 20.00 mtrs span foot bridge over Dibber Khad in Samloti to Connect Agriculture Office at Children Park (Under SCSP) in Distt. Kangra (HP),PWD,1615544.0,1740728.0,7.749
2019_PWD_30461_1,C/O Daroh Gadiara Suri road Km. 0/000 to 2/000,PWD,1498497.0,1521313.0,1.523
2019_PWD_30429_1,Construction of 10.37 mtrs. span RCC slab bridge double lane over Parla Nallah on H.S.T.M. road at RD 59/325 in Tehsil Palampur Distt. Kangra (H.P.) (Under CRF),PWD,14141708.0,10508433.0,-25.692
2019_PWD_29831_3,Construction of Paonta Puruwala Singhpura Bhagani Gojjar Dak Pathar road km 0/0 to 26/500 (SH C/o approaches for box cell bridge at RD 13/960 and 20/220),PWD,1900907.0,1746236.0,-8.137
2019_PWD_29831_1,Construction of balance work of 50.45 mtr. Span R.C.C. Box Cell double lane bridge over Mandi Khalla on Dhaulakuan to Giri Nagar road at RD. 3/402 under NABARD RIDF-XXI (SH M/T and protection work on both side approaches),PWD,5328617.0,5912007.0,10.948
2019_PWD_29716_1,Construction of 13.75 mtr. Span RCC T-Beam Bridge at km 0/192 on Nanikhad to Lahru Bridge Both side).,PWD,3879767.0,5082186.0,30.992
2019_PWD_29437_1,Construction of 122.074 mtr foot bridge over sheer khad to connect Vill Kasol.,PWD,6380255.0,11357553.0,78.011
2019_PWD_28842_1,Construction of link road from Govt. Primary School Nihang to Jagdish House (Sewerage Tank) Km. 0/00 to 0/500 including bridge,PWD,2747217.0,3014347.0,9.724
2019_PWD_28655_1,Construction of 62.00 mtrs span bow string (Tied Arch Type) Foot Bridge over Joggal Khad on link road to village Phalu in Distt Kangra (HP) (SH Construction of Substructure and Superstructure),PWD,5089060.0,6972726.0,37.014
2019_PWD_28647_1,Special repair to 144.00 mtr span prestressed concrete box girder bridge over seer khad at Matyal.,PWD,3818505.0,5801062.0,51.92
2019_PWD_28356_1,"Job 1 Construction of 13.75 mtr. Span RCC T- Beam Bridge over Bhaloh Khad at km. 1-300 on link road Bhaloh to Bhalola Takka Dathwara Abadi Jigran in Distt. Una HP Sub Head C.O 13.75 mtr. RCC T- Beam Bridge at km. 1-300, C.O Retaining wall, Guide Bund",PWD,4451665.0,6065571.0,36.254
2019_PWD_28267_1,C/O 50.837 mtrs. Span RCC box girder bridge over Mutarad Khad on PHC Kashmir to Bhira road km. 2/060,PWD,11800670.0,16068896.0,36.169
2019_PWD_27969_1,"Construction of 8 span 14.40mtr. each RCC Slab Bridge Over Bhalola Khad at km. 0-435 on link road Bhalola to Bhalola Takka Dathwara Abadi Jhingra Road in Distt. Una H.P Sub Head C./O 8 span 14.40mtr. each RCC Bridge, C.O Retaining wall and Metallin",PWD,18744346.0,25902990.0,38.191
2019_PWD_27908_1,Construction of 40.80 mtr span steel truss foot bridge over Awa Khad between Karori and Rajot,PWD,4349175.0,5984185.0,37.594
2019_PWD_27789_3,C.O Kiaral to Karana Via Soi Road km 0.0 to 4.060 C.O 4.7 mtr. Wide F.C km RD 0.0 to 2.285,PWD,2978182.0,6208608.0,108.47
2019_PWD_27393_3,Construction of link road to Harizan Basti Khairni km 0/0 to 7/500 up to Simbalbara and C/o Two Nos. Bridges SH P/L tarring in km 0/0 to 1/0 under SCSP.,PWD,706564.0,892430.0,26.306
2019_PWD_27393_2,Restoration of rain damages to link road from Majra Bye pass to Bias Mandir road km 0/0 to 1/825 SH Providing and laying wearing G-II and premix carpet surfacing in km 1/240 to 1/775.,PWD,842606.0,1002726.0,19.003
2019_PWD_27393_1,A/R and M/O various bridges under the Jurisdiction of Paonta Division HP.PWD. Paonta Sahib SH Providing and Laying 25 mm thick mastic asphalt wearing course on top of deck slab with paving grade bitumen on various bridges,PWD,1977083.0,2727675.0,37.965
2019_PWD_26654_2,C/O Daroh Gadiara Suri road Km. 0/000 to 2/000,PWD,1442438.0,1398905.0,-3.018
2019_PWD_26643_1,special repair of bridge at various road on nalagarh bhargarh road km0/0 to 9/400,PWD,1566917.0,1996636.0,27.424
2019_PWD_26391_1,Periodical maintenace under AMP for the Year 2019-20 on link road to Jatoli Tmeple Km0/0 to 0/885,PWD,676084.0,842518.0,24.617
2019_PWD_26362_2,C/O 3 Nos 10.00 mtr clear span RCC slab Bridge Over Kent Nallah on Charri Ghera road at RD 3/072 under NABARD RIDF-XXIV in Distt. Kangra (HP),PWD,7398090.0,10845491.0,46.599
2019_PWD_25835_1,Construction of link road from Gheena to Lohar Lahari Km 0/000 to 6/500 in Distt. Kangra (H.P.).(SH Construction abutments including deck slab for 12.00 Mtr. span steel truss bridge over Dhuru Nallah at RD 5/800),PWD,2061718.0,2278794.0,10.529
2019_MC_28851_4,Provision and repair of storm water drains along the roads in various wards in SH C O U-Shape drain and Steel grating Sheer Punjab to CTO RD 0 0 to 0 880 in ward No. 13 Under AMRUT.,Municipal Corporation Shimla||Road and Building - MC,2811500.0,3297422.0,17.283
2019_HPIPH_31948_1,"Construction of Lift Irrigation Scheme for village Bhanjal, Deoli (Chadda Mohalla), Badehra Rajputan, Nakroh (Kailash Nagar), Oel 3rd, Oel 4th, Shivbari 2nd and 3rd in Tehsil Amb/Ghanari Distt. Una (HP)",HP Irrigation and Public Health||IPH Circle Swan River Flood Management Project Una - HPIPH||Flood Protection Gagret - HPIPH,920261.0,708821.0,-22.976
2019_FD_32433_1,C/o Steel Foot Bridge,Himachal Pradesh Forest Department||Mandi - HPFD||Suket Division - HPFD,1334525.0,1395875.0,4.597
2019_BBNDA_32753_1,"Protection work of minor bridge at Baghwala Berson, Rautanwala.",Baddi Barotiwala Nalagarh Development Authority||Director Industries to the Govt. of H.P.Shimla||CEO BBNDA at Baddi Distt.Solan (H.P.)||Executive Engineer (Project Division) BBNDA,1053585.0,919364.0,-12.739
2019_BBNDA_32017_1,Recarpeting of Road from Theda-Shahpur to Industrial Area Lodhimajra,Baddi Barotiwala Nalagarh Development Authority||Director Industries to the Govt. of H.P.Shimla,1113619.0,1482820.0,33.153
2019_BBNDA_27498_1,C/o Balance work of 20mtr span bridge at Baguwala.,Baddi Barotiwala Nalagarh Development Authority||Director Industries to the Govt. of H.P.Shimla,490686.0,691879.0,41.002
2018_SIDC_24861_1,"C/o Working Women Hostel at Ind. Area Kandrori Distt. Kangra (HP). (SH Ancillary/Miscellaneous items, i.e. development of site boundary wall).",HP SIDC Limited,4921903.0,5119609.0,4.017
2018_PWD_25563_1,Special repair to 144.00 mtr span pre-stressed concrete girder bridge over seer khad at matyal,PWD,3818505.0,3953937.0,3.547
2018_PWD_25481_1,C/O Bijhari Chalasi Chakrala Ambota Ghagot road km. 0/0 to 7/900,PWD,5441128.0,7401875.0,36.036
2018_PWD_25295_1,Construction of 50.00 meter span PSC Double lane Bridge over Bhagan Khad-II on Dharamshala Dadh Palamspur Sandhol Road at RD 13/500 in Distt. Kangra H.P.Under Central Fund Job No.CRF-HP-2018 154,PWD,37939523.0,34396992.0,-9.337
2018_PWD_25184_1,constofchowkiminartoDhamandri,PWD,8050457.0,7544362.0,-6.287
2018_PWD_25124_1,C/O 21.00 mtrs. span RCC T-Beam Bridge on Kullu Karon road over Karon Nallah at Rd.12/850,PWD,19662417.0,19816219.0,0.782
2018_PWD_25122_1,C/O 18.00 mtrs. span RCC T-beam Bridge over Bharai Nallah,PWD,19363605.0,19847082.0,2.497
2018_PWD_24938_1,Special Repair of Bridges under Nalti Section,PWD,926343.0,1359997.0,46.814
2018_PWD_24936_1,Contractor Registration,PWD,993233.0,1498596.0,50.881
2018_PWD_24641_1,Construction of link road Chururu to Dhussara km 0/0 to 6/650,PWD,2640105.0,3533324.0,33.833
2018_PWD_24610_1,Construction of Jeepable bridge over Ghiari Khad in Gram Panchayat Bagni in Tehsil Dharamshala Distt Kangra HP,PWD,752580.0,998475.0,32.674
2018_PWD_24594_1,Construction of 39.637 meter Span with a Carriage of 7.50 meter Box Cell Bridge over Salani Khud on Salani to Harijan Basti Road at RD 0/090,PWD,11512130.0,18702475.0,62.459
2018_PWD_24521_1,Approches on Drug Khad Bridge,PWD,4834379.0,5557297.0,14.954
2018_PWD_24072_1,Construction of 102.5 Mtrs Span Motorable Bridge over Neogal Khad in between Sullah Jhajjar and Prour road including approach road Km 0/00 to 0/765 under NABARD RIDF-XXIII,PWD,30047884.0,40562416.0,34.993
2018_PWD_23996_1,Restoration of rain damage on Alampur Harsipattan roadKm 8/0 to 19/0,PWD,965884.0,900619.0,-6.757
2018_PWD_23841_1,Bridge Behna Brahmna,PWD,6160138.0,8335430.0,35.312
2018_PWD_23831_1,"Construction of balance work of 50.45 mtrs span R.C.C. Box Cell Double Lane Bridge over Mandi Khalla on Dhaulakuan to Giri Nagar road at RD 3/402 under NABARD , RIDF - XXI (SH M/T and protection work on both side approaches)",PWD,5328617.0,5754970.0,8.001
2018_PWD_23696_5,Restoration of Rain damages to Paonta Puruwala Singhpura Bhagani Gojjar Dak Pathar road (MDR No. 94 ) km 0/0 to 26/500 (SH Construction of U-Shape C.C. Drain in km 4/500 to 6/920 in essential reaches) ( Left side),PWD,1207827.0,1165450.0,-3.509
2018_PWD_23696_4,Construction of Link road to Harijan Basti Khairni km 0/0 7/500 upto Simbalbara and C/o Two Nos. bridges (SH Construction of 5.00x5.00 metre R.C.C. Box Cell Culvert at RD 2/780),PWD,1075737.0,999999.0,-7.041
2018_PWD_23643_1,Construction of 18.00 metre span double lane Bridge over Sarali Nallah on Shahpur Sihunta Chowari Road Km. 0/0 to 24/0 Centre Road Fund (CRF) Job No. HP-02-2018-19-151,PWD,15213559.0,13683516.0,-10.057
2018_PWD_23576_1,special repair on bridge on manpura dharmpur road km 0/0 to 7/700,PWD,638843.0,618399.0,-3.2
2018_PWD_23566_5,Construction of Link road from Jamnighat Jheel Bankabara to Dhounwala road km 0/0 to 5/020 ( SH Construction of 3.00 Mtr span Box cell type Slab culvert at R.D. 2/075).(under S.C.S.P).,PWD,673936.0,671201.0,-0.406
2018_PWD_23566_4,Construction of Link road from Jamnighat Jheel Bankabara to Dhounwala road km 0/0 to 5/020 ( SH Construction of 3.00 Mtr span Box cell type slab culvert at R.D. 1/540).(under S.C.S.P).,PWD,708936.0,674784.0,-4.817
2018_PWD_23566_3,Construction of Link road from Jamnighat Jheel Bankabara to Dhounwala road km 0/0 to 5/020 ( SH Construction of 3.00 Mtr span Box cell type slab culvert at R.D. 3/815).(under S.C.S.P).,PWD,680988.0,628925.0,-7.645
2018_PWD_23566_2,Construction of Link road from Jamnighat Jheel Bankabara to Dhounwala road km 0/0 to 5/020 ( SH Construction of 2.00 Mtr span Box cell type slab culvert at R.D. 3/305).(under S.C.S.P).,PWD,534489.0,567530.0,6.182
2018_PWD_23566_1,Construction of 10.20 mtrs span 6.40 mtrs carriage way Box Cell type slab culvert on link road Harizen Basti Sainwala km 0/0 to 3/0 (SH C/o 10.20 mtrs span Box Cell type slab culvert at RD 1/725),PWD,970190.0,628925.0,-35.175
2018_PWD_23423_1,Construction of 20.00 Mtr. Span Bridge (Double lane) Bridge crossing No.1 Sukad Khad on Hamirpur Sujanpur Thural Maranda Road at RD 34/985 under CRF Job No. CRF-HP-2018-19-153,PWD,17788979.0,12244636.0,-31.167
2018_PWD_23331_1,Construction of Missing C D on Narkanda Doza Madhawani link road Km 0/000 to 1/165 SH Construction of 900 mm dia RCC Hume pipe culvert at RD 0/310 0/450 0/615 and 0/825,PWD,550452.0,633786.0,15.139
2018_PWD_23260_6,"Construction of link road to village Dhand in G.P. Kando Kansar km 0/0 to 2/0 (SH Construction of 3 Nos RCC Box cell type culverts of 3.00 mtr span each at RD 0/615,1/700 and 1/745) under SCSP",PWD,1653861.0,1484930.0,-10.214
2018_PWD_23222_3,Construction of Link road to village Kodewala km 0/0 to 1/0 ( SH C/o 11.50 M span RCC Box cell culverts at R.D. 0/265 AND 0/460) under Himachal road improvement scheme,PWD,3295581.0,3583135.0,8.725
2018_PWD_23222_2,Construction of Paonta Puruwala Singhpura Bhagani Gojjar Dak Pathar road (MDR No. 94 )( SH C/o 28.48 M span RCC Box cell vented causeway at R.D. 20/220) under Himachal Road improvement scheme,PWD,3689570.0,3880746.0,5.182
2018_PWD_23222_1,Construction of Paonta Puruwala Singhpura Bhagani Gojjar Dak Pathar road (MDR No. 94 )( SH C/o 28.48 M span RCC Box cell vented causeway at R.D. 13/960).,PWD,3596897.0,3825342.0,6.351
2018_PWD_22818_1,Consultants for conducting feasibility study for determining the technical viability for the work of Construction of Proposed one No. Bridge of 210.00 meters span P.S.C. bridge over Giri River from Bhanet Harldwari to Chandni Road at R.D. 1/200,PWD,1320000.0,1525057.0,15.535
2018_PWD_22727_1,C/O 50.00 mtr. span C/C of Bearing PSC Box Girder Bridge Over Brahal Khad on Morch Gharghuin Road km. 1/726 alongwith approaches under NABARD RIDF-XVIII (SH- C/O Sub Structure Super Structure and approaches),PWD,8461738.0,9997968.0,18.155
2018_PWD_22634_1,C/O Bijhari Chalasi Chakrala Ambota Ghagot road km. 0/0 to 7/900,PWD,5441128.0,7401875.0,36.036
2018_PWD_22617_1,C/O 102.511 mtr. Span RCC Box girder bridge over Man Khad on Batran Gawal Pather road at km. 4/300,PWD,19534768.0,27389783.0,40.21
2018_PWD_22468_3,Construction of link road from Mundla to Tikka Dhar to link village Lilly and Amtrar Km 2/900 to 5/660 including bridge over Joggal Khad at RD 3/056 under Nabard RIDF-XXIII in Distt Kangra (H.P.),PWD,14366435.0,17303333.0,20.443
2018_PWD_22240_1,Construction of 40.00 mtr. Span RCC Bow string (Double Lane) bridge Rana Khad on Joginder Nagar Kanda Patan Sarkaghat Ghumarwin road at km 7/225 under CRF Job No. CRF-HP-2017-18-131 including Dismantling of existing structure and existing approaches,PWD,52345465.0,58776746.0,12.286
2018_PWD_22096_2,Construction of 13.00mtr. span foot over bridge at Kachehri Chowk near D.C office Dharamshala,PWD,2004168.0,2406899.0,20.095
2018_PWD_22096_1,Construction of 15.00mtr. span foot over bridge at Sidhpur Dharamshala HP,PWD,1948585.0,2390930.0,22.701
2018_PWD_22080_1,Construction of Double lane bridge over Tissa Nallah on Chamba Tissa road at KM 56/490,PWD,19215000.0,38200000.0,98.803
2018_PWD_21976_1,Construction of 144.00 mtr span prestressed concrete box girder bridge at Matyal.,PWD,3917135.0,4354427.0,11.164
2018_PWD_21974_1,Construction of 122.074 mtr span foot bridge over seer khad to connect Village Kasol.,PWD,6380255.0,9528644.0,49.346
2018_PWD_21070_1,C/O Rajiv Gandhi Govt. Engineering College Kangra at Nagrota Bagwan in Distt. Kangra HP,PWD,1941444.0,2121799.0,9.29
2018_PWD_21011_2,Construction of R.C.C. Box Cell Type Bridge over Sunkar Khud on Dhaulakuan to Giri Nagar road at RD 0/345 and construction of 6.00 mtrs span R.C.C. slab culvert at RD 0/516 (SH M.T. of both side approaches).,PWD,1513184.0,1648602.0,8.949
2018_PWD_20596_1,Construction of 19.75 mtrs Span R.C.C. T-Beam Bridge over mOtla Nallah (Luned Khad) on Motla Gola via Kathla road at RD. 1/840,PWD,4759213.0,5778529.0,21.418
2018_PWD_20370_1,Restoration of rain damages on PinjoreBaddiNalagarhSwarghat road on NH 21A New NH 105 from Km 17.400 to 66.275 SH C.O Downstream toe wall 32.30 metre of Reru Bridge at Rds. 40.820 and Mahadev Bridge 35.30 metre at Rds. 43.780,PWD,4346968.0,2313819.0,-46.772
2018_PWD_20191_1,NA,PWD,54289459.0,83586184.0,53.964
2018_PWD_19990_1,Ordinary Repair of Kundlu Bridge on PinjoreBaddi Nalagarh Swarghat road on NH 21A New NH 105 from Kms 17.400 to 66.275 SH Rehabilitation of Kundlu Bridge on Down Stream protection work at Rds. 48.818 12.50 Metre,PWD,3771425.0,2292717.0,-39.208
2018_PWD_19904_1,NA,PWD,64752000.0,59500000.0,-8.111
2018_PWD_19677_1,"Construction of 50.45 mtrs span RCC Box Cell Double lane Bridge over Konthri Khalla on Dhaulakuan to Girinagar road RD 1/950 under NABARD, RIDF-XXI(SH M/T of both side approaches)",PWD,5857266.0,6143782.0,4.892
2018_PWD_19539_1,C/O 104.00 mtr. span Bridge over Bander Khad on Daulatpur Jalari Khart road at RD 5/740 NABARD RIDF-XXII (SH- C/O 104.00 mtr. span RCC Arch type single land bridge at RD 5/740 i/c approaches).,PWD,23873160.0,34207077.0,43.287
2018_PWD_19403_3,Construction of Kotri to Barthal Madhana road (Actually Kotri Bagna Swar Kolar road) km 0/0 to 14/500 (SH P/L soling and wearing in km 4/250 to 5/0),PWD,449113.0,558712.0,24.403
2018_PWD_19403_2,Construction of R.C.C. Box Cell Type Bridge over Sunkar Khud on Dhaulakuan to Giri Nagar road at RD 0/345 and construction of 6.00 mtrs span R.C.C. slab culvert at RD 0/516 (SH M/T of both side approaches).,PWD,1210547.0,1147856.0,-5.179
2018_PWD_19372_1,R.R damages on Kundlu Bridge on PBNS road on NH 21A New NH 105 from Kms. 17.400 to 66.275 SH Restoration of Kundlu Bridge on downstream protection work at Rds. 48.818 for the year 2017.18,PWD,4268799.0,3243547.0,-24.017
2018_PWD_19250_1,Construction of 41.150 metre span RCC Box Cell Bridge over Pekhubela Khad at RD 2-400 UNDER NABARD RIDF-XXIII,PWD,9736500.0,8291061.0,-14.846
2018_PWD_19161_2,C/O 25.00mtrs. span bridge over Manooni Khad including balance work from Sidhbari Kaned to Harner under RIDF-XXIII NABARD in Distt. Kangra,PWD,5717234.0,5948310.0,4.042
2018_PWD_18992_1,Construction of 61.50 metres span R.C.C. Box Cell Bridge at RD 0/410.75 across Jambu Khalla on Jawalapur to Harizan Basti Lal Tappar road (under S.C.S.P.),PWD,6452284.0,7588149.0,17.604
2018_HPIPH_23585_1,Construction of T/well Bijapur-II in GP Kotour Kalan Tehsil Amb Distt Una HP,"HP Irrigation and Public Health||Una Circle,Irrigation and Public Health,HP||Una-II,Irrigation and Public Health,HP",1392743.0,1319550.0,-5.255
2018_HPIPH_23042_1,Improvement of source to provide drinking water facility to schedule caste population under LWSS Kosari Thachru in Tehsil Jaisinghpur Distt. Kangra,"HP Irrigation and Public Health||Dharamshala Circle,Irrigation and Public Health,HP||Palampur,Irrigation and Public Health,HP",2113629.0,2346127.0,11.0
2018_HPIPH_21627_1,Providing LWSS to PC Habitation in village Gaduhi and Bhora in Tehsil Joginder Nagar Distt Mandi,"HP Irrigation and Public Health||S Nagar Circle,Irrigation and Public Health,HP||Paddar,Irrigation and Public Health,HP",791768.0,805774.0,1.769
2018_BBNDA_19112_1,C/o RCC T-beam bridge of 20 mtr. Span on Bagguwala khad.,Baddi Barotiwala Nalagarh Development Authority||Director Industries to the Govt. of H.P.Shimla||CEO BBNDA at Baddi Distt.Solan (H.P.)||Executive Engineer (Project Division) BBNDA,2653348.0,3647279.0,37.46
2017_UDDHP_18332_1,Providing RCC slab over nallah near the house of Sh Gurdas Ward No15,Directorate of Urban Development||Urban Development - UDDHP||Municipal Council Solan - UDDHP,263484.0,397399.0,50.825
2017_UDDHP_15798_1,Special Repair of Tank road in ward No 9,Directorate of Urban Development||Urban Development - UDDHP||Municipal Council Solan - UDDHP,986781.0,1083075.0,9.758
2017_PWD_18945_2,Construction of 40.00 Mtr. Span Double Lane Bridge over Rollah Nallah on Bathri Sundla Langera J and K Boundary road K.M. 27/970 (MDR-035) under CRF (Job No. CRF-HP-2017-2018-140),PWD,43827240.0,41708383.0,-4.835
2017_PWD_18945_1,Construction of 25.00 Mtr. Span Double Lane Bridge over Gharat Nallah on Bathri Sundla Langera J and K Boundary road K.M. 31/725 (MDR-035) under CRF (Job No. CRF-HP-2017-2018-139),PWD,29421380.0,30733913.0,4.461
2017_PWD_18933_1,Construction of balance work including metalling and tarring of Ahju Khajoor Traimbli Basahi road Km.12/0 to 33/0 under NABARD Project RIDF-XVII,PWD,10376220.0,16161001.0,55.75
2017_PWD_18931_1,Construction of balance work including metalling and tarring of Majharnoo Kundunu Kufru road in Km.0/0 to 6/0 under NABARD Project RIDF-XXII,PWD,25776306.0,47408485.0,83.923
2017_PWD_18909_1,C/O 11.00 m span RCC T-Beam Bridge (Double Lane) over Rougi Nallah on Bhunter Mohal Kullu Nagger Manali road at RD 13/520 under CRF Job No. 127,PWD,11245508.0,10147648.0,-9.763
2017_PWD_18894_1,A R MO TypeII 7 Nos Matani and HPPWD Colony at Hamirpur,PWD,1097245.0,887066.0,-19.155
2017_PWD_18732_1,Construction of Bridge over Khawaji khad on Badukhar- Riali -Bela Ludhiarchan road at R.D. 3/700,PWD,32163114.0,34975264.0,8.743
2017_PWD_18610_1,Construction of 41.150 metre Box Cell Bridge Over Bathri Khad on Tahliwal to Bathri Road at RD 4-200 UNDER CRF Construction of 41.150 metre Box Cell Bridge Over Bathri Khad on Tahliwal to Bathri Road at RD 4-200 UNDER CRF,PWD,14276783.0,11323408.0,-20.687
2017_PWD_18580_2,Construction of 12.00 mtr span RCC Solid slab Culvert on Mahadev Khad in Jeor Basti Mahadev,PWD,2243644.0,17.0,-99.999
2017_PWD_18557_1,Construction of 67.30 Meter Span Bridge with a Carriage of 7.50 Meter Box Cell over Kanyon Ka Khala on Dhimki Mandir Kun Bhudpur Road at RD 0/270,PWD,15176812.0,19359287.0,27.558
2017_PWD_18529_1,Balance work for the Construction of ADR Cenre Bilaspur.,PWD,2904061.0,3239470.0,11.55
2017_PWD_18478_1,NA,PWD,35749455.0,33637327.0,-5.908
2017_PWD_18313_1,Construction of Chhiura Bridge over Deori Khad in Kuther Rasog Deom Road km 0/00 to 9/00 (Sub-Head Construction of 30.00 mtr. R.C.C. Box Girder Bridge over Chhiura Khad at RD. 8/980 ( Sub Structure and Super Structure,PWD,5835539.0,8151615.0,39.689
2017_PWD_18256_1,Construction of 30.00 Mtr. Span Double Lane Bridge over Salandri Nallah on Bathri Sundla Langera J and K Boundary road K.M. 22/270 (MDR-035) under CRF (Job No. CRF-HP-2017-2018-138),PWD,31308496.0,36455166.0,16.439
2017_PWD_17972_1,Construction of Sarli Dhaini Gamberpul Road km 0/000 To km 5/000. (Sub head C/O 30.00 Mtrs. Span Box Girder Bridge at RD 1/4500,PWD,5841556.0,5841569.0,0.0
2017_PWD_17942_1,Construcrtion of 54.00 Mt. Long Prestressed Box Girder Bridge over Chikni Khad on Rajpura Dhang Road at Km 1/040 Along with both Side Approaches,PWD,19917792.0,19154675.0,-3.831
2017_PWD_17925_1,Construction of 30.00 mtr span (Double Lane) Bridge over Jagatsukh Nallah on Bhunter Mohal Kullu Naggar Manali road at Jagatsikh Rd 34/667,PWD,31140225.0,24999373.0,-19.72
2017_PWD_17921_1,Construction of 22mtr.spam RCC T-Beam Bridge(Double Lane) over Chhaki Nallah on Bhunter Mohal Kullu Naggar Manali road at Chhaki Rd 22/683,PWD,18395818.0,15479641.0,-15.852
2017_PWD_17758_1,Construction of 40 Mtrs. span PSC box girder double lane bridge over Lingti Khad on Dharamshala Yol Dadh Palampurroad at KM. 23/795 (under C.R.F),PWD,38739704.0,31866993.0,-17.741
2017_PWD_17753_1,C/O Science lab in GSSS at Baragaon Distt. Shimla H.P. Sub Head Site development Building portion WS and SI Rain harvesting tank and septic tank etc.,PWD,13976215.0,16645938.0,19.102
2017_PWD_17751_1,Construction of 120.00 mtr span double lane bridge over Mandh Khad on Alampur Harsipattan road at RD 8/100 (under CRF) Job No CRD-HP2017-18-136,PWD,115381000.0,88666665.0,-23.153
2017_PWD_17643_1,C/O 20.70 m effective span RCC T-Beam Bridge (Double Lane) over Kais Nallah on Bhunter (Mohal) Kullu Nagger Manali road at Kais RD 9/003,PWD,18525644.0,15860374.0,-14.387
2017_PWD_17553_1,C/O Prestressed concrete box girder bridge over Naker Khad at RD 0/630 between Talli and Jandrah Road,PWD,7733577.0,8632257.0,11.62
2017_PWD_17540_1,C/O Link road from Thera to Dhanot via Jurahi i/c bridge over Thera Khad in Km 0/0 to 2/195,PWD,3122292.0,3470680.0,11.158
2017_PWD_17450_1,Construction of Bridge over Bhiral Khad Upper Bag in G.P.Dehan,PWD,1812251.0,1812095.0,-0.009
2017_PWD_17324_1,Construction of 48.78 mtrs Span baily bridge over Chander Bhaga on Killar to Punto Road at Km 2/120 Launching of Bridge,PWD,1521124.0,1343856.0,-11.654
2017_PWD_17317_2,Construction of 2 Nos. Bridges over Trella Nallah and Bhangi Nallah on Trella Bunderi Mangli road in tehsil Churah Construction of 40.00 Mtr. Span steel Truss Bridge over Bhangi nallah on Trella Bunderi Mangli road at Km. 10/120,PWD,9975814.0,19466799.0,95.14
2017_PWD_17317_1,Construction of 2 Nos. Bridges over Trella Nallah and Bhangi Nallah on Trella Bunderi Mangli road in tehsil Churah Construction of 33.50 mtr Span Steel Truss Bridge over Trella nallah on Trella Bunderi Mangli road at Km. 0/230,PWD,14729060.0,30327824.0,105.905
2017_PWD_17288_1,C/O 10.37 mtr span RCC T-Beam Bridge (Double lane) over Prini Nallah on Bhunter Mohal Kullu Naggar Manali road at RD37/830 Job No CRF HP-2017-18 -134,PWD,13605845.0,12498107.0,-8.142
2017_PWD_17287_1,c/o 10.37 m span RCC T-Beam Bridge(Double Lane) over Sajala Nallah on Bhunater Mohal ullu Naggar Manali road at RD 31/590,PWD,15402849.0,13960097.0,-9.367
2017_PWD_17286_1,C/O 15.70 m span RCC T-Beam Bridge (Double Lane)over Haripur Nallah on Bhunter Mohal Kullu Nagger Manali road at RD 26/097 Job no. CRF-HP-2017-18-133,PWD,17765134.0,15425086.0,-13.172
2017_PWD_17226_1,C/O 30.00 mtr prestressed concrete box girder bridge over Kotla Khad from PHC Kasba Kotla to Govt. Senior Secondary School Kotla Behar RD 0/180,PWD,9233744.0,10272712.0,11.252
2017_PWD_17225_1,C/O 19.75mtr RCC T-Beam bridge over Gummi Khad at RD 0/505 i/c M/T Jandour Gummi road Km 0/0 to 2/600,PWD,8009292.0,9218066.0,15.092
2017_PWD_17141_1,Construction of 175.00 Mtrs. span double lane Bridge over Chhounch Khad,PWD,112679000.0,92612236.0,-17.809
2017_PWD_16806_1,"C/O Bandi Matiari, Gallu, Kasrehra, Mumta road Km 0/00 to 3/650 including bridge over Chor Nallah at RD 2/165 and Joggal Khad at RD 2/255 under NABARD RIDF-XXI Bridge portion only",PWD,25108524.0,27313612.0,8.782
2017_PWD_16750_2,C/O Link road from Thera to Dhanot via Jurahi in Km 0/0 to 2/195,PWD,2180149.0,1749789.0,-19.74
2017_PWD_16737_1,C/O 19.75mtr Single span RCC bridge over Doli Nallah (Dhatti) i/c both side approaches on link road from Belahra Jamuli via Kundli Balehra Dhatti Jiorha Materh Bhatwal Rohal at RD 2/240,PWD,4250143.0,4589966.0,7.996
2017_PWD_16661_1,Construction of 35.00 mtr. span (Double Lane) Pre-Stressed Concrete Girder Bridge along with foot path both sides over Sundli Nallah on Link road to Jubbal Bazar upto Santoshinagar at RD.1/390 under NABARD RIDF- XXII.,PWD,12717113.0,20356965.0,60.075
2017_PWD_16598_1,Construction of 144.00 meter span Bridge over Majhara Khud on Banog Kheri Road at RD 29/750 under NABARD RIDF-XXII,PWD,54563015.0,74116419.0,35.836
2017_PWD_16548_1,Annual Surfacing on Mahadev to Dinak road PMGSY,PWD,784711.0,803144.0,2.349
2017_PWD_16097_1,C/O link road Pounch to vill. Andral road km. 0/0 to 3/695,PWD,5625559.0,7706804.0,36.996
2017_PWD_15421_1,C/O 19.75mtr span RCC T-Beem bridge over Drug Khad on Bari to Galot via barog Lahar road at RD 2/150,PWD,3251976.0,3754348.0,15.448
2017_PWD_14671_1,"C/O 16.75 mtrs. Span RCC T-Beam Bridge at RD 0/015 on link road Harizan Basti in Village Khapper Nallah alongwith approaches under SCSP (SH- C/O Sub Structure, Super-Structure and both side approaches)",PWD,3931377.0,4298158.0,9.33
2017_PWD_14610_1,Construction of 19.75 metre RCC T-Beam Bridge over Kund Nallah at R.D. 0/637 on Hutta Ligga Ladwah road K.M. 0/0 to 7/040 in Tehsil Salooni District Chamba H.P.,PWD,4611389.0,6570219.0,42.478
2017_PWD_14218_1,Construction of link road from Uttri to Kamarli via Patan in District Sirmour HP Km 00 to 2500,PWD,3502082.0,2488414.0,-28.945
2017_PWD_14207_1,ConstructionofRCCTBeam Bridge Over Bindla Khad at RD 0.630 on link road to village Bindla Km 0.0 to 2.0. Under C.M.Annoucement in Distt Sirmour HP,PWD,9653088.0,9493811.0,-1.65
2017_PWD_14193_1,"Construction of 24.75 metre Span RCC -T-Beam bridge double lane over Lal Pani Nallah at Rd 11/800 Under CRF-Job No. CRF-HP-2015-16-74.(SH- C/o substructure ,wing walls ,superstructure both side approaches and R/walls)",PWD,11529357.0,16252820.0,40.969
2017_PWD_14188_2,Consturciton of 50.45 metre span RCC box cell bridge over Konthri Khalla on Dhaulakuan Girinagar road at km 1/948 to 2/0,PWD,12858043.0,15562204.0,21.031
2017_PWD_14188_1,Consturciton of 50.45 metre span RCC box cell bridge over Mandi Khalla on Dhaulakuan Girinagar road at km 3/405,PWD,13266667.0,16407715.0,23.676
2017_PWD_14171_1,Construction of 20.00 mtr span foot bridge over Pun Khad between village Sarsowa and Upper Order,PWD,1313497.0,1488650.0,13.335
2017_HPIPH_17443_1,Providing LWSS to various C.V. under G.P. Nei Neti in Tehsil Rajgarh Distt. Sirmour.,"HP Irrigation and Public Health||Nahan Circle,Irrigation and Public Health,HP||Nauradhar Dn,Irrigation and Public Health,HP",1828852.0,2788005.0,52.446
2016_PWD_13819_1,NA,PWD,3683004.0,4542462.0,23.336
2016_PWD_13355_1,Construction of Culvert on Link road from NH-20 to Nawalia Basti at Km 0/045 with approaches,PWD,2494867.0,1912698.0,-23.335
2016_PWD_12785_1,C/O 10.00 m span bridge over Dhunkra Nallah on Bhunter Manikaran road at RD 23/760,PWD,9266933.0,8916636.0,-3.78
2016_PWD_12625_1,"C/O 25.00 mtrs. Span Bridge Over Seod Nallah on Rirkmar Salli road at RD 3/906(SH- C/O Both Side approaches, Earth filling (Against Telecom Deposit)",PWD,1967678.0,2621224.0,33.214
2016_PWD_12378_1,C.O.RCCBox Girder Bridge Pandoga Khad,PWD,30973032.0,24995493.0,-19.299
2016_PWD_12305_1,Construction of 35 mtrs Span PSC Girder Double Lane Bridge over Sewa Nallah on Awahdevi Gadhidar Tihra Sandhole Road at RD 23 100 Under CRF Sub Head Construction of Sub Structure and Super Structure,PWD,24616055.0,17737361.0,-27.944
2016_PWD_12267_1,NA,PWD,31910035.0,26817809.0,-15.958
2016_PWD_12126_1,Construction of road from Bhograwan to Thakurdwara via Paral Road Km 0/0 to 9/0,PWD,50657599.0,45695447.0,-9.795
2016_PWD_11607_1,C/O 24.00 m span T-Beam bridge (Double Lane) on Bhunter Manikaran road over Jain Nallah at RD 27/463,PWD,25942662.0,22265264.0,-14.175
2016_PWD_10209_1,Balance work for improvement and widening of Kullu Shilbadhani road km 1/00 to 15/00,PWD,43541547.0,33919009.0,-22.1
2015_PWD_8998_1,Job 2 C/O Footbal Stadium at Khad ( Una ),PWD,7352622.0,7262342.0,-1.228
2015_PWD_8817_1,C/O 110 mtrs. span stiffended suspension Bridge over Gaj Khad between Village Spail and Kalru under NABARD RIDF-XVI(SH- C/O 155.00 mtrs. PSC BOx Girder Bridge over Gaj Khad on Spail Kalru road at RD 1/482,PWD,38014325.0,54011453.0,42.082
2015_PWD_7924_1,Construction of 10.37 m span RCC Bridge (Double Lane) on Bhunter Manikaran road at RD 5/790,PWD,11869746.0,10731595.0,-9.589
2015_PWD_7922_1,Construction of 30.00 m span Pre-Stressed T-Beam bridge (Double Lane) on Kullu Karon road at RD 6/360,PWD,16923889.0,20703945.0,22.336
2015_PWD_6590_1,Construction of 20.70 Mtr. Span RCC T-Beam Bridge (Double lane) at Jawal Khad on Mandi Gagal Chail Janjehli Chhatri road at Rd. 53/915-MDR-24 under CRF Job No. CRF-HP-2014-15-64.,PWD,18297259.0,16369420.0,-10.536
2015_PWD_6483_1,C/o 24 mtr Span RCC T beam (Double lane bridge) over Rawara Khand on Dharampur Sandhole road Via Seoh at Km 30/405,PWD,997507.0,625819.0,-37.262
2015_PWD_10161_1,C/O road from Bandahu to Bairghatta km 0/0 to 4/885 i/c 2 Nos Bridges over Kotlu Nallah and Moul Khad (under NABARD RIDF-XX),PWD,7393518.0,7432204.0,0.523
2015_PWD_10148_1,Construction of Haler Khad Bridge to Indpur Via Changrara road Km. 0/0 to 3/245,PWD,14436322.0,13158650.0,-8.85
2016_PWD_11607_1,C/O 24.00 m span T-Beam bridge (Double Lane) on Bhunter Manikaran road over Jain Nallah at RD 27/463,PWD,25942662.0,22265264.0,-14.175
2016_PWD_10209_1,Balance work for improvement and widening of Kullu Shilbadhani road km 1/00 to 15/00,PWD,43541547.0,33919009.0,-22.1
2015_PWD_8998_1,Job 2 C/O Footbal Stadium at Khad ( Una ),PWD,7352622.0,7262342.0,-1.228
2015_PWD_8817_1,C/O 110 mtrs. span stiffended suspension Bridge over Gaj Khad between Village Spail and Kalru under NABARD RIDF-XVI(SH- C/O 155.00 mtrs. PSC BOx Girder Bridge over Gaj Khad on Spail Kalru road at RD 1/482,PWD,38014325.0,54011453.0,42.082
2015_PWD_7924_1,Construction of 10.37 m span RCC Bridge (Double Lane) on Bhunter Manikaran road at RD 5/790,PWD,11869746.0,10731595.0,-9.589
2015_PWD_7922_1,Construction of 30.00 m span Pre-Stressed T-Beam bridge (Double Lane) on Kullu Karon road at RD 6/360,PWD,16923889.0,20703945.0,22.336
2015_PWD_6590_1,Construction of 20.70 Mtr. Span RCC T-Beam Bridge (Double lane) at Jawal Khad on Mandi Gagal Chail Janjehli Chhatri road at Rd. 53/915-MDR-24 under CRF Job No. CRF-HP-2014-15-64.,PWD,18297259.0,16369420.0,-10.536
2015_PWD_6483_1,C/o 24 mtr Span RCC T beam (Double lane bridge) over Rawara Khand on Dharampur Sandhole road Via Seoh at Km 30/405,PWD,997507.0,625819.0,-37.262
2015_PWD_10161_1,C/O road from Bandahu to Bairghatta km 0/0 to 4/885 i/c 2 Nos Bridges over Kotlu Nallah and Moul Khad (under NABARD RIDF-XX),PWD,7393518.0,7432204.0,0.523
2015_PWD_10148_1,Construction of Haler Khad Bridge to Indpur Via Changrara road Km. 0/0 to 3/245,PWD,14436322.0,13158650.0,-8.85
